returned_episode_lengths,returned_episode_returns,returned_episode_solved,delay,method,level,execute_horizon
31.432617,0.9902344,0.96875,0,bid,worlds/l/grasp_easy.json,1
103.00586,0.74121094,0.72265625,0,bid,worlds/l/catapult.json,1
68.2832,0.99121094,0.9951172,0,bid,worlds/l/cartpole_thrust.json,1
48.86133,0.99121094,0.9394531,0,bid,worlds/l/hard_lunar_lander.json,1
81.649414,0.99316406,0.8671875,0,bid,worlds/l/mjc_half_cheetah.json,1
148.79883,0.9980469,0.9091797,0,bid,worlds/l/mjc_swimmer.json,1
174.97852,0.9003906,0.78222656,0,bid,worlds/l/mjc_walker.json,1
87.62109,1.0,1.0,0,bid,worlds/l/h17_unicycle.json,1
47.842773,0.99316406,0.94628906,0,bid,worlds/l/chain_lander.json,1
69.25781,0.7480469,0.81933594,0,bid,worlds/l/catcher_v3.json,1
174.1836,0.8125,0.828125,0,bid,worlds/l/trampoline.json,1
48.783203,0.98828125,0.98339844,0,bid,worlds/l/car_launch.json,1
32.555664,0.83203125,0.8457031,4,bid,worlds/l/grasp_easy.json,4
184.94434,0.35058594,0.3359375,4,bid,worlds/l/catapult.json,4
57.760742,-0.17089844,0.23339844,4,bid,worlds/l/cartpole_thrust.json,4
55.63867,0.5341797,0.6230469,4,bid,worlds/l/hard_lunar_lander.json,4
93.515625,0.9013672,0.7919922,4,bid,worlds/l/mjc_half_cheetah.json,4
251.95996,0.15039062,0.11816406,4,bid,worlds/l/mjc_swimmer.json,4
212.66797,0.0107421875,0.1015625,4,bid,worlds/l/mjc_walker.json,4
112.56738,0.71972656,0.78027344,4,bid,worlds/l/h17_unicycle.json,4
51.155273,0.9873047,0.9423828,4,bid,worlds/l/chain_lander.json,4
67.3125,-0.15722656,0.23730469,4,bid,worlds/l/catcher_v3.json,4
175.34473,0.7480469,0.7910156,4,bid,worlds/l/trampoline.json,4
79.819336,0.4814453,0.6142578,4,bid,worlds/l/car_launch.json,4
31.37793,0.91503906,0.9160156,1,bid,worlds/l/grasp_easy.json,1
145.38379,0.5371094,0.5214844,1,bid,worlds/l/catapult.json,1
66.20215,1.0,1.0,1,bid,worlds/l/cartpole_thrust.json,1
49.19629,0.98339844,0.9199219,1,bid,worlds/l/hard_lunar_lander.json,1
81.34961,0.9785156,0.85058594,1,bid,worlds/l/mjc_half_cheetah.json,1
171.30664,0.9863281,0.90234375,1,bid,worlds/l/mjc_swimmer.json,1
183.08301,0.7861328,0.70996094,1,bid,worlds/l/mjc_walker.json,1
87.25098,0.96875,0.97753906,1,bid,worlds/l/h17_unicycle.json,1
48.004883,0.99121094,0.94628906,1,bid,worlds/l/chain_lander.json,1
69.29785,0.64453125,0.7519531,1,bid,worlds/l/catcher_v3.json,1
173.17383,0.78515625,0.8222656,1,bid,worlds/l/trampoline.json,1
72.543945,0.87109375,0.8623047,1,bid,worlds/l/car_launch.json,1
84.00098,0.27441406,0.4375,5,bid,worlds/l/grasp_easy.json,5
252.68262,0.016601562,0.013671875,5,bid,worlds/l/catapult.json,5
47.780273,-0.5107422,0.0,5,bid,worlds/l/cartpole_thrust.json,5
39.280273,-0.4501953,0.013671875,5,bid,worlds/l/hard_lunar_lander.json,5
255.7207,-0.0009765625,0.0,5,bid,worlds/l/mjc_half_cheetah.json,5
256.0,0.0,0.0,5,bid,worlds/l/mjc_swimmer.json,5
239.99219,-0.047851562,0.0,5,bid,worlds/l/mjc_walker.json,5
42.57129,-0.5019531,0.0,5,bid,worlds/l/h17_unicycle.json,5
36.314453,-0.48828125,0.0,5,bid,worlds/l/chain_lander.json,5
134.9873,-0.45507812,0.0078125,5,bid,worlds/l/catcher_v3.json,5
193.68066,-0.26171875,0.12402344,5,bid,worlds/l/trampoline.json,5
53.194336,-0.48339844,0.0,5,bid,worlds/l/car_launch.json,5
31.456055,0.9013672,0.9033203,2,bid,worlds/l/grasp_easy.json,2
168.1416,0.42773438,0.41015625,2,bid,worlds/l/catapult.json,2
64.98926,0.98828125,0.9941406,2,bid,worlds/l/cartpole_thrust.json,2
49.76367,0.953125,0.8984375,2,bid,worlds/l/hard_lunar_lander.json,2
83.13965,0.9667969,0.8496094,2,bid,worlds/l/mjc_half_cheetah.json,2
212.16699,0.84765625,0.75683594,2,bid,worlds/l/mjc_swimmer.json,2
213.68555,0.38183594,0.3564453,2,bid,worlds/l/mjc_walker.json,2
87.01758,0.9345703,0.9355469,2,bid,worlds/l/h17_unicycle.json,2
48.53711,0.99121094,0.94140625,2,bid,worlds/l/chain_lander.json,2
67.78125,0.4267578,0.5917969,2,bid,worlds/l/catcher_v3.json,2
174.57422,0.78515625,0.8222656,2,bid,worlds/l/trampoline.json,2
75.10547,0.8359375,0.83691406,2,bid,worlds/l/car_launch.json,2
98.15723,-0.46191406,0.0,6,bid,worlds/l/grasp_easy.json,6
256.0,0.0,0.0,6,bid,worlds/l/catapult.json,6
46.4834,-0.4951172,0.0,6,bid,worlds/l/cartpole_thrust.json,6
43.895508,-0.4248047,0.015625,6,bid,worlds/l/hard_lunar_lander.json,6
256.0,0.0,0.0,6,bid,worlds/l/mjc_half_cheetah.json,6
256.0,0.0,0.0,6,bid,worlds/l/mjc_swimmer.json,6
249.73535,-0.018554688,0.0,6,bid,worlds/l/mjc_walker.json,6
32.67285,-0.5263672,0.0,6,bid,worlds/l/h17_unicycle.json,6
22.764648,-0.48535156,0.0,6,bid,worlds/l/chain_lander.json,6
127.83984,-0.47460938,0.0,6,bid,worlds/l/catcher_v3.json,6
87.65332,-0.6699219,0.0009765625,6,bid,worlds/l/trampoline.json,6
47.15039,-0.49023438,0.0,6,bid,worlds/l/car_launch.json,6
31.344727,0.83691406,0.84765625,3,bid,worlds/l/grasp_easy.json,3
184.80469,0.3486328,0.3359375,3,bid,worlds/l/catapult.json,3
73.37695,0.203125,0.46289062,3,bid,worlds/l/cartpole_thrust.json,3
52.30078,0.86816406,0.8261719,3,bid,worlds/l/hard_lunar_lander.json,3
88.20508,0.94140625,0.8105469,3,bid,worlds/l/mjc_half_cheetah.json,3
241.5459,0.41601562,0.36328125,3,bid,worlds/l/mjc_swimmer.json,3
215.98633,0.095703125,0.14941406,3,bid,worlds/l/mjc_walker.json,3
93.27832,0.82421875,0.859375,3,bid,worlds/l/h17_unicycle.json,3
48.782227,0.9892578,0.9433594,3,bid,worlds/l/chain_lander.json,3
67.293945,-0.020507812,0.3154297,3,bid,worlds/l/catcher_v3.json,3
172.67383,0.7890625,0.8310547,3,bid,worlds/l/trampoline.json,3
80.18848,0.63378906,0.7138672,3,bid,worlds/l/car_launch.json,3
234.70508,-0.04296875,0.0,7,bid,worlds/l/grasp_easy.json,7
256.0,0.0,0.0,7,bid,worlds/l/catapult.json,7
46.140625,-0.4658203,0.0,7,bid,worlds/l/cartpole_thrust.json,7
46.492188,-0.30664062,0.09863281,7,bid,worlds/l/hard_lunar_lander.json,7
256.0,0.0,0.0,7,bid,worlds/l/mjc_half_cheetah.json,7
256.0,0.0,0.0,7,bid,worlds/l/mjc_swimmer.json,7
251.49121,-0.0087890625,0.0,7,bid,worlds/l/mjc_walker.json,7
30.094727,-0.46777344,0.0,7,bid,worlds/l/h17_unicycle.json,7
20.72754,-0.48828125,0.0,7,bid,worlds/l/chain_lander.json,7
106.81445,-0.4716797,0.0,7,bid,worlds/l/catcher_v3.json,7
65.74902,-0.36914062,0.0,7,bid,worlds/l/trampoline.json,7
51.9375,-0.49023438,0.0,7,bid,worlds/l/car_launch.json,7
