delay,execute_horizon,level,method,returned_episode_solved,returned_episode_lengths,returned_episode_returns
0,1,worlds/l/grasp_easy.json,pfm,96.484375,32.634765625,0.9892578125
0,1,worlds/l/catapult.json,pfm,74.0234375,99.166015625,0.759765625
0,1,worlds/l/cartpole_thrust.json,pfm,99.70703125,55.3779296875,0.9951171875
0,1,worlds/l/hard_lunar_lander.json,pfm,93.1640625,49.43359375,0.9873046875
0,1,worlds/l/mjc_half_cheetah.json,pfm,88.8671875,69.650390625,0.98828125
0,1,worlds/l/mjc_swimmer.json,pfm,91.2109375,152.6533203125,1.0
0,1,worlds/l/mjc_walker.json,pfm,68.75,190.220703125,0.802734375
0,1,worlds/l/h17_unicycle.json,pfm,98.6328125,83.50390625,0.99609375
0,1,worlds/l/chain_lander.json,pfm,95.3125,48.705078125,0.99609375
0,1,worlds/l/catcher_v3.json,pfm,94.43359375,69.5087890625,0.935546875
0,1,worlds/l/trampoline.json,pfm,86.03515625,171.3017578125,0.830078125
0,1,worlds/l/car_launch.json,pfm,96.875,48.6826171875,0.9873046875
1,1,worlds/l/grasp_easy.json,pfm,97.16796875,32.232421875,0.9892578125
1,1,worlds/l/catapult.json,pfm,68.359375,111.6142578125,0.69921875
1,1,worlds/l/cartpole_thrust.json,pfm,99.0234375,50.7607421875,0.986328125
1,1,worlds/l/hard_lunar_lander.json,pfm,93.75,49.2548828125,0.9892578125
1,1,worlds/l/mjc_half_cheetah.json,pfm,87.98828125,72.3671875,0.9912109375
1,1,worlds/l/mjc_swimmer.json,pfm,90.72265625,150.84765625,1.0
1,1,worlds/l/mjc_walker.json,pfm,70.21484375,188.41015625,0.76171875
1,1,worlds/l/h17_unicycle.json,pfm,99.31640625,82.4921875,0.99609375
1,1,worlds/l/chain_lander.json,pfm,94.7265625,48.259765625,0.99609375
1,1,worlds/l/catcher_v3.json,pfm,89.55078125,69.6083984375,0.8662109375
1,1,worlds/l/trampoline.json,pfm,84.47265625,173.1259765625,0.802734375
1,1,worlds/l/car_launch.json,pfm,96.6796875,50.611328125,0.984375
2,2,worlds/l/grasp_easy.json,pfm,96.484375,32.5791015625,0.9677734375
2,2,worlds/l/catapult.json,pfm,62.98828125,122.630859375,0.6474609375
2,2,worlds/l/cartpole_thrust.json,pfm,94.921875,49.63671875,0.927734375
2,2,worlds/l/hard_lunar_lander.json,pfm,93.65234375,49.263671875,0.990234375
2,2,worlds/l/mjc_half_cheetah.json,pfm,87.40234375,77.0224609375,0.9794921875
2,2,worlds/l/mjc_swimmer.json,pfm,89.35546875,164.4697265625,0.9990234375
2,2,worlds/l/mjc_walker.json,pfm,62.20703125,192.1552734375,0.6748046875
2,2,worlds/l/h17_unicycle.json,pfm,98.4375,82.5703125,0.9873046875
2,2,worlds/l/chain_lander.json,pfm,94.140625,48.5234375,0.9931640625
2,2,worlds/l/catcher_v3.json,pfm,88.76953125,68.814453125,0.8388671875
2,2,worlds/l/trampoline.json,pfm,85.64453125,174.0654296875,0.833984375
2,2,worlds/l/car_launch.json,pfm,93.359375,56.181640625,0.9560546875
3,3,worlds/l/grasp_easy.json,pfm,93.65234375,32.8720703125,0.9501953125
3,3,worlds/l/catapult.json,pfm,55.95703125,137.2490234375,0.576171875
3,3,worlds/l/cartpole_thrust.json,pfm,83.49609375,47.052734375,0.7626953125
3,3,worlds/l/hard_lunar_lander.json,pfm,91.50390625,49.8017578125,0.966796875
3,3,worlds/l/mjc_half_cheetah.json,pfm,87.98828125,76.7890625,0.9794921875
3,3,worlds/l/mjc_swimmer.json,pfm,89.0625,184.8369140625,0.9765625
3,3,worlds/l/mjc_walker.json,pfm,59.765625,197.2666015625,0.650390625
3,3,worlds/l/h17_unicycle.json,pfm,96.19140625,83.8642578125,0.962890625
3,3,worlds/l/chain_lander.json,pfm,94.921875,48.123046875,0.99609375
3,3,worlds/l/catcher_v3.json,pfm,87.20703125,68.0908203125,0.8359375
3,3,worlds/l/trampoline.json,pfm,83.30078125,175.8671875,0.8046875
3,3,worlds/l/car_launch.json,pfm,92.48046875,59.7197265625,0.9384765625
4,4,worlds/l/grasp_easy.json,pfm,92.7734375,32.7607421875,0.93359375
4,4,worlds/l/catapult.json,pfm,55.2734375,138.609375,0.5703125
4,4,worlds/l/cartpole_thrust.json,pfm,56.0546875,45.826171875,0.3251953125
4,4,worlds/l/hard_lunar_lander.json,pfm,88.4765625,49.212890625,0.9384765625
4,4,worlds/l/mjc_half_cheetah.json,pfm,87.109375,80.119140625,0.96875
4,4,worlds/l/mjc_swimmer.json,pfm,79.00390625,207.220703125,0.884765625
4,4,worlds/l/mjc_walker.json,pfm,50.09765625,205.4755859375,0.5263671875
4,4,worlds/l/h17_unicycle.json,pfm,95.5078125,85.6337890625,0.955078125
4,4,worlds/l/chain_lander.json,pfm,94.3359375,48.2353515625,0.99609375
4,4,worlds/l/catcher_v3.json,pfm,73.4375,67.7861328125,0.630859375
4,4,worlds/l/trampoline.json,pfm,84.5703125,174.083984375,0.8095703125
4,4,worlds/l/car_launch.json,pfm,91.015625,62.7822265625,0.9169921875
5,5,worlds/l/grasp_easy.json,pfm,89.94140625,32.7587890625,0.8955078125
5,5,worlds/l/catapult.json,pfm,54.78515625,140.41015625,0.5625
5,5,worlds/l/cartpole_thrust.json,pfm,29.296875,44.986328125,-0.05078125
5,5,worlds/l/hard_lunar_lander.json,pfm,88.4765625,49.4873046875,0.9296875
5,5,worlds/l/mjc_half_cheetah.json,pfm,86.9140625,79.4453125,0.978515625
5,5,worlds/l/mjc_swimmer.json,pfm,62.109375,225.41796875,0.693359375
5,5,worlds/l/mjc_walker.json,pfm,44.53125,211.328125,0.4736328125
5,5,worlds/l/h17_unicycle.json,pfm,91.30859375,87.236328125,0.8994140625
5,5,worlds/l/chain_lander.json,pfm,92.3828125,49.1494140625,0.9921875
5,5,worlds/l/catcher_v3.json,pfm,58.0078125,67.560546875,0.40625
5,5,worlds/l/trampoline.json,pfm,81.8359375,175.9443359375,0.7744140625
5,5,worlds/l/car_launch.json,pfm,84.47265625,73.8310546875,0.8486328125
6,6,worlds/l/grasp_easy.json,pfm,89.6484375,31.9794921875,0.884765625
6,6,worlds/l/catapult.json,pfm,50.29296875,147.63671875,0.5263671875
6,6,worlds/l/cartpole_thrust.json,pfm,8.88671875,44.3427734375,-0.3701171875
6,6,worlds/l/hard_lunar_lander.json,pfm,86.23046875,49.5029296875,0.8828125
6,6,worlds/l/mjc_half_cheetah.json,pfm,85.44921875,83.451171875,0.958984375
6,6,worlds/l/mjc_swimmer.json,pfm,43.26171875,237.4892578125,0.4912109375
6,6,worlds/l/mjc_walker.json,pfm,31.93359375,219.2236328125,0.30859375
6,6,worlds/l/h17_unicycle.json,pfm,92.08984375,86.9755859375,0.9033203125
6,6,worlds/l/chain_lander.json,pfm,93.06640625,49.458984375,0.9912109375
6,6,worlds/l/catcher_v3.json,pfm,40.4296875,67.2783203125,0.1337890625
6,6,worlds/l/trampoline.json,pfm,78.125,178.2861328125,0.7236328125
6,6,worlds/l/car_launch.json,pfm,78.90625,84.826171875,0.775390625
7,7,worlds/l/grasp_easy.json,pfm,89.0625,31.474609375,0.890625
7,7,worlds/l/catapult.json,pfm,48.14453125,154.3154296875,0.4951171875
7,7,worlds/l/cartpole_thrust.json,pfm,2.1484375,42.884765625,-0.4599609375
7,7,worlds/l/hard_lunar_lander.json,pfm,79.39453125,49.8310546875,0.7978515625
7,7,worlds/l/mjc_half_cheetah.json,pfm,85.546875,86.123046875,0.96484375
7,7,worlds/l/mjc_swimmer.json,pfm,28.80859375,245.3701171875,0.3291015625
7,7,worlds/l/mjc_walker.json,pfm,25.78125,219.84375,0.228515625
7,7,worlds/l/h17_unicycle.json,pfm,88.37890625,88.369140625,0.857421875
7,7,worlds/l/chain_lander.json,pfm,94.43359375,51.1162109375,0.984375
7,7,worlds/l/catcher_v3.json,pfm,28.515625,67.9375,-0.02734375
7,7,worlds/l/trampoline.json,pfm,71.97265625,182.62890625,0.6259765625
7,7,worlds/l/car_launch.json,pfm,71.2890625,87.9453125,0.677734375
